tweet,tactic
Listen for the sound! Insane speed! Love working with this new golfer and helping him find his way!  #golfapparel #golfsale #themasters #discounts #sportsapparel…,N
"Too cool! Check this out from @TheFlippist #TheMasters #Tiger RT @darrenrovell: One of my favorite sports artists, @TheFlippist, does it again!",V
What it was like to be at Augusta for Tiger's extraordinary Masters comeback. Watch Sports Sunday LIVE on @Channel9 #9WWOS #TheMasters #Golf,N
Love this! @TheMasters @TigerWoods #tiger #TheMasters RT @GCTigerTracker: This. Is. Awesome.,N
Tiger Woods Masters win with ALL THE FEELS ❤️ via: @theflippist _ #tigerwoods #themasters #nikegolf #taylormadegolf #teamtaylormade #fathersongoals @ Augusta National Golf Club,N
"After injuries, an affair, a DUI, addiction, and substance abuse derailed Tiger Woods' career, read why his win in Augusta last weekend wasn't the most important part of his amazing comeback story!  #TheMasters #TigerWoods #Comeback",M
Simply perfect. ⛳️ No one didn't think Tigerrrrrrrr Woods would ever win a Major Again... #TheGoat #LivingLegend #TheMasters,D
"After a second-place finish at #TheMasters, betting favorite Dustin Johnson leads by a stroke heading into the final round of the #RBCHeritage",N
Oprah's Flipbook Club award winner. #Tiger #TheMasters,V
Reminiscing about this shot last Saturday at Augusta. This is the moment I started to believe it was going to happen and I want to shoot it into my veins over and over again... #TigerWoods #TheMasters @GCTigerTracker RT @TheMasters: Tiger Woods is heating up. #themasters,M
A tradition unlike any other - Nipple Golf #TheMasters,V
Quality Tiger Woods stuff! (h/t @TheFlippest) #TigerWoods #Tiger #TheMasters,N
".@thelovemaster understands what Molinari went through on #TheMasters Sunday. Catch Craig and @seantgreen tomorrow night 11p ET/8p PT, only on @MadDogRadio!",M
"It may be over, but it doesn't have to be forgotten... take a look at the highlights of #TheMasters 2019 and see the best shots of the tournament. #SportsBiz #SportsMarketing",N
"Saturday Specials $8 Sliders -Chicken, Beef or Pork $5 Mimosa's $7 Bloody Mary's $5 Pints Abbot Ale $5 Lagunitas Daytime IPA #TheMasters #ChicagoSportsBar #BeerMenu #ChicagoIrishBar #ChicagoSoccerBar #Soccer #WestLoop #GreekTown",V
Do y’all remember when @TigerWoods won #TheMasters?,N
*this time last week* “Imagine if he won!?!” #TheMasters,N
"I’ve only watched this, oh let’s say, a few hundred times. #TheMasters 5.15.81 @TigerWoods",N
"Great news, Aussie golf fans: next year Easter and #TheMasters coincide, so no rushing to work after Rd 1 & Rd 4. (Imagine the resurrection narratives if Tiger had won his comeback major on Easter Sunday!)",M
I really wanted to make a short video that would (hopefully) do justice to show just how incredible and exciting @TigerWoods comeback for the ages really was! Hope you like. #TigerWoods #TheMasters #Tiger @Nike,N
"The @PGATOUR is back on @CBS one week after #TheMasters, however the 5-time Masters champion @tigerwoods is not completing at #RBCHeritage nor the next few tournaments. Tiger is expected to play in the #PGAChampionship in a month from now and you can see it on @CBS. @GOLFonCBS",D
So I had my girlfriend watch the masters with me last week which was great... but by Sunday afternoon my balls were named Brooks and Keopka... thanks.. #TheMasters #brookskeopka #how,M
Take a listen! #TigerWoods #TheMasters RT @ToddShapiroShow: At 01:11:10 into Monday's show Actor @SeanAstin joins @iamToddyTickles to talk #NoGoodNick @netflix @Netflix_CA & his career highlights! + @Aaronlewismusic @staind @siriusxmcanada's @RobdConway #BovedaHerbal's @805Lance @BovedaInc &amp; Lawyer @AriGoldkind,N
#420day #SaturdayMorning #HolySaturday #flytimes #420weekend #420blazeit #TheMasters #dark #demonic #mercury #mercury666 #rap #hiphop #gohard Check out this track on Rap Fame,V
About last week... We sportin’ the #greenjacket! Such a fun experience. themasters #themasters #tigerwoods #winning #lifeofteala @ Club Magnolia,N
Miss you. #TheMasters,N
"Don't miss @thelovemaster and @seantgreen on UNTIED! Before tomorrow night's show at 11p ET/8p PT, here's a taste from #TheMasters show last Sunday!",V
"If any of us won the green jacket, we'd never take it off. Turns out @TigerWoods is the same way after his victory at #TheMasters:",N
$VIRA Cambridge Golf Shareholder Information  #Cambridge #Golf #espn #sports #golfcentral #ad #wsj #nytimes #reuters #bloomberg #thestreet #forbes #pgatour #business #cnn #bet #foxnews #bitcoin #blockchain #themasters #crypto #cannabis #marijuana #CBD,V
"Tiger Woods' comeback victory at #TheMasters was a true ""American Moment"". RT @stevierivenbark: I love when people transition from turmoil to triumph! Nicely done, Tiger!🏌️",N
"📣 New Podcast! ""The Golf Show W/Brian Hammons and Special Guest Todd Lewis from the Golf Channel talking Tiger Woods and much more"" on @Spreaker #golf #greatestcomeback #thegruelingtruth #themasters #tigerwoods",N
"Thanks to Pa, Landon is already looking like he could win #TheMasters when he is older!",N
"For anyone that plays the new @thegolfclubgame on xbox. We have an online society. Whether youre a madden guy or just like the golf club, come join my society. Once we get 20 guys I will restart the season. We will do 2 events per week. @leaguecrawler #thegolfclub #TheMasters",V
Words to live by: #sales #quotes #tigerwoods #themasters #leadbyexample,V
It’s a good day to lay around and watch the final round of #themasters AGAIN. 🐅🐅🐅,N
��🏻👏🏻We looked for you ⁦@SadhguruJV⁩ new it might be just close enough to catch before you 🛩🛩✈️again. Confession: First time 🏌🏽‍♀️ lesson the day before and 1st time watching #TheMasters on 📺!Routing for ⁦@TigerWoods⁩ and 🙏🏻hopes to 👀 SG too. #golf ⁦,M
��🌳🏌🏽‍♂️open house: 1pm to 2:30pm resort style amenities 🏊🏼‍♂️🧘🏽‍♀️🎾 fresh baked cookies 🍪😋 . . . . . . #bradenton #openhouse #resort #golf #themasters #florida #waterfront #newhome…,V
"Symetra Tour Pro @NatSheary talks #augustanational women's amateur, #TheMasters, being a brand ambassador for @Nike, her daily routine & the work she's doing to make it on the @LPGA Tour on this segment of Next on the Tee  #Golf #podcast #SaturdayMotivation",N
"3 words of advice from Joe LaCava to Tiger Woods going into their Sunday win at #TheMasters last week 🏆 -> To be a great #Golf #Caddie #Caddy, requires a professional level of emotional intelligence 💯%",N
#TB to one of our favorite moments from #TheMasters. Bryson DeChambeau scored his first ever hole-in-one and it was as perfect as could be imagined! 📷@themasters,N
Week after The Masters and the high is still in the air as we head over to our tee times. Talkin strategy.. #TheMasters @PhilMickelson @StephenCurry30 @TigerWoods @notthefakeSVP #HitBombs #Golf #NBAPlayoffs @stanverrett,N
• ⚽️🏀🏈⚾️🏒 SPORTS FOLLOW TRAIN! ⚽️🏀🏈⚾️🏒 • •🔥RETWEET THIS TWEET TO CONNECT ALL SPORTS FANS🔥 • • FOLLOW US • • REGISTER FOR FREE NOW AT  • #TheMasters #NBA #MLB #NHL #NHLPlayoffs #StanleyCup #NBATwitter #NBAPlayoffs #NFL #NFLDraft,M
"Took the #NYTimes quiz, and was blown away that a 100% of readers knew that #TigerWoods won #TheMasters. It's obviously a self-selecting group, but a 100% vs. 75-85% for most questions. That's the Tiger effect. @darrenrovell @GCTigerTracker @TigerWoods @TheMasters",M
"Watching the last 3 holes of the masters for maybe the 10th time. Still cry, every single time! #tigerwoods #sundayred #themasters @GCTigerTracker",N
The thought of Ty Lue joining @Lakers. A possible video in the Robert Kraft sex scandal. @TigerWoods' comeback at #TheMasters. Irrational? Overreaction? Both? Listen to the talk on The Unspoken Podcast Ep 116! #PodernFamily @PodcastHQ @Podcast_Genie,D
What a lovely. Thanks Big Red Tom #TheMasters,V
Style Guide is back after a week off #themasters - this week the out features the likes of @petermillar @benjamindgolf @ImperialHats @PUMAGolf @BaldHeadBlues @saltyumbrella - and a new polo company - check it out!,V
"What was in Tiger's bag that helped him win #theMasters? Spoiler Alert: Bridgestone Golf, our bonus prize partner, was one of them!!",M
Golf was making a comeback even before #TigerWoods won #theMasters. Here's one way investors can capitalize.,V
Let’s get those actives to go follow my team @SarinAsylum we are super active and got some dope content on the way! #Potency #TheMasters,V
Fear the Tiger 🐅 #TheMasters #HarnessRacing #TigerWoods,N
Rewatched the back nine of #TheMasters last night- this picture is a stunning turning point of the final group. I will forever remember where I was. #TigerHigh #Hulu #WhyWeDoIt #Golf #PGA,N
"Tiger Woods winning #TheMasters was a good result for MGM sportsbooks, and will also help boost betting handle on upcoming PGA Tour events - namely the #PGAChampionship in May. We're inside @TheMirageLV sportsbook talking about Tiger's impact on golf betting interest.",N
Remember #TheMasters last weekend... that was awesome.,N
"If you were going to #TheMasters in 2020, which ONE golf course would you want to tag onto the trip?? (No Augustas please...let’s keep it realistic shall we? 😉😂) Ocean Course @kiawahresort would be right up there for me... #Worldie",N
#ICYMI #new #episode of the #podcast is now out! #SaturdayMotivation - #TigerWoods wins #TheMasters - We've never watched #GOT and never will - #Sixers playoffs - #Flyers new coach & more  #GamefThrones #HereTheyCome #PhilaUnite #2AngryOldMen,V
"Check out my newest YouTube video where I fail at course vlogging, react to #tiger winning #TheMasters and show some love to my favorite vloggers @RickShielsPGA @alexelliottgolf and @PeterFinchGolf.  via @YouTube",V
"Hear Symetra Tour Pro @NatSheary talking about life on the Tour, the #augustanational women's amateur, #TheMasters & the work she's doing to get to the @LPGA on this segment of Next on the Tee  #podcast @ROAD2LPGA #Golf #SaturdayMorning @podbeancom",V
"Episode 116: The Irrational Overreaction! We're talking Ty Lue possibly to @Lakers, #NBAPlayoffs, #StanleyCup Playoffs, @TigerWoods' win at #TheMasters, @TheAAF's bankruptcy and more! #PodernFamily @PodcastHQ @Podcast_Genie",V
.@TigerWoods and the Game of Life: Golf is all about how you react when you get a bad bounce via @nytimes #TigerWoods #TheMasters,M
"Only 6 days ago, history was made at #TheMasters Check out our Masters Recap Podcast special w/ a great lineup of guests from Augusta and beyond:  Please SHARE the link with others you know were watching history unfold!",N
Where were you watching from when Tiger claimed his victory? @YGTRory and #YGTDerek go through their top spots to view their fave players at #themasters WATCH THIS 👀📺⤵️,N
#Hoteliers #Converse with us on our #Careers #Group on #Linkedin  or #Apply 4 #Sales #Marketing #Chef #Managment #Food #Beverage #Spa #Engineer & #Business #Jobs #Axeljob #Job bran #hotels #video #Viral #TheMasters,V
A reminder I called this last month! Dreams do come true... @TigerWoods @GCTigerTracker @TheMasters @tiger #HeDidIt #TheMasters #StillCantBelieveIt #Augusta #GOAT RT @sayjul: Happy St. Patty's Day! @TigerWoods 25 days until @TheMasters Let's get another green jacket... #Mexico #TigerWoods #TigerTracker #StPatricksDay #GOAT @GCTigerTracker @TigerWoods,N
#Golf benefiting from #AI. “Round in Three Minutes” means I don't have to #bingewatch #TheMasters,D
".SadhguruJV, an avid golfer himself, was present to witness TigerWoods' historic victory TheMasters at Augusta National. GolfDigest #themasters",N
"#IBM #proudIBMer #IBMSystems @IBMSystems #EmployeeAdvocacy #socialCTO You celebrate a birdie. #IBM hears data. At #TheMasters, #IBMWatson analyzed the roar of the crowd, identified the most exciting moments, and created #AI highlight reels. 🎥  by @IBM",N
".@SadhguruJV, an avid golfer himself, was present to witness @TigerWoods' historic victory @TheMasters at Augusta National. @GolfDigest #themasters",N
Check out top Five stories from Friday you must read today:  #SportPesaNews #PL #TheMasters,M
Golfing gifts for the golf enthusiast Etsy on-line shop HambleArts has a wide variety of artist work  #ArtistOnTwitter #etsyshop #golfing #TheMasters,V
Been working abroad since mid-March. In that time I’ve missed: #MarchMadness #OpeningDay #TheMasters #NBAPlayoffs Terrible timing 🤯🤬,D
"Pin position chat with @robbiewoody #themasters RT @JasonKirkSBN: If you had to do a 400-tweet thread, what subject would you go with",V
Tiger Woods spotted wearing green jacket with girlfriend in Florida restaurant. #TheMasters #IWouldDoTheSameThing,N
New episode is live! @TheSquashMan co-host! Go check it out! Don’t forget to share!  #TigerWoods #TheMasters #NbaTwitter #NBAPlayoffs,V
Listen to Tiger Woods v. Donald Trump by Dump On The Ump: A Baseball Podcast #np on #SoundCloud #TheMasters,M
On the gang #NowPlaying #FridayThoughts #HappyPassover #TheMasters,V
"The Sports Offensive is LIVE on SAT. 4/20 @ 11am Eastern! Catch a recap of The Masters, NFL, MLB, NBA, NHL and everything else SPORTS related. #TigerWoods #TheMasters #NFLDraft #NFL #MLB #NBAPlayoffs #NHLPlayoffs #sports #podcast #SportsTradingCards",V
Watching the #RBCHeritage after #TheMasters last week; is like watching the Pro-Bowl the week following the Super Bowl! 🤦🏽‍♂️🤦🏽‍♂️🤦🏽‍♂️,M
$VIRA Cambridge Golf press  #Cambridge #Golf #espn #sports #golfcentral #ad #wsj #nytimes #reuters #bloomberg #thestreet #forbes #nasdaq #IHub_StockPosts #pgatour #business #cnn #bet #foxnews #bitcoin #blockchain #themasters #cannabis #marijuana #CBD,V
At 53 years of age jp.diddy eclipsed the 300 yard mark. LETS GO. #THEMASTERS #tpicertified #tpicertifiedgolffitnesspro #upecfitness909 #300yarddrive @ UPEC Fitness,N
Checkout Episode 40 of the Mutant Blitz Podcast with @JoshHennig discussing #TigerWoods #ShazamMovie #Sixers #TheMasters #HereTheyCome #Shazam #PhilaUnite #DCEU,V
"Well, I’m pretty much still riding a high from #TheMasters and @TigerWoods win! Felt like I needed to break this out! @EASPORTS Are you game @GCTigerTracker ?",N
"This week @themaack discusses one of his favorite athletes return to greatness in, The Return of the Roar. Follow the link for the newest post by the Dekkai Sensei:  #ReturnOfTheRoar #TigerWoods #TheMasters #AugustaNational #Golf #DekkaiSensei #Blog",V
NBA PLAYOFFS : Portland Trailblazers Vs Oklahoma City Thunder | Live Pla...  via @YouTube #TheMasters #NBA #MLB #NHL #NHLPlayoffs #StanleyCup #NBATwitter #NBAPlayoffs #ChampionsLeague,V
Ep243 now available! #TheMasters / Why ⁦@TalkBackEric⁩ picked Tiger to win / Security Guy / #PGA mixing young stars w/Tiger #NBA #NBAPlayoffs #DubNation #HereTheyCome #Celtics #FearTheDeer #MileHighBasketball #GoSpursGo #GoHawks $ #RussellWilson,V
• ⚽️🏀🏈⚾️🏒 SPORTS FOLLOW TRAIN! ⚽️🏀🏈⚾️🏒 • •🔥RETWEET THIS TWEET TO CONNECT ALL SPORTS FANS🔥 • • FOLLOW US • • REGISTER FOR FREE NOW AT  • #TheMasters #NBA #MLB #NHL #NHLPlayoffs #StanleyCup #NBATwitter #NBAPlayoffs #NFL #NFLDraft,V
NEED HELP... Anyone know where to locate the English “bar celebration” video of @TigerWoods holing his final winning @TheMasters putt last weekend??? @GolfChannel @GolfDigest #Golf #Masters #TheMasters,M
The Tiger roars in NYC 🐅 📷 @MiltonGan #tigerwoods #themasters #nike #nyc,N
"It’s only April but Tiger Woods’ victory at #TheMasters is already the sports story of the year, perhaps one of the greatest individual comeback stories in the annals of sports: #golf",N
"What an incredible week! 🐅 wins #themasters, GoT premieres for the throne, @down_inmy_heart had a record week of mentions, Stevie Y is back home in #Hockeytown, and I named a turkey Turkey McTurkeyface on the internet",N
"To all you @TigerWoods haters, I don’t mean to goat...I mean gloat...but shouldn’t you all be hushed by now. I’m sure you all will find something to say, but please, for your own sake, take a moment to appreciate the greatness we’ve all been blessed with. #TigerWoods #themasters",N
"A week ago, this guy almost prevented us from witnessing history...good thing the golf gods had different plans. #TheMasters",D
"Last Sunday, I got to witness history. Getting to experience it with my dad will be a memory I’ll always have! #themasters",N
"Between today's spot-on storm forecast and helping #TheMasters salvage a timeless finish, I'd say it's been a pretty good week for Southern mets. I hope folks remember this the next time we hear the ""It must be great to have a job where you're wrong half the time"" crap ...",N
��THE ODDS COUPLE PODCAST💵 @CarmenDeFalco & @North2North talk: ✔Crazy #TheMasters betting story ✔Difference in gambling #NBAPlayoffs vs #NHLPlayoffs ✔They're best bets of the weekend,V
The beer just tastes a little better in one of these doesn’t it @fischorgolf @MCrowleyGolf ? Thanks for bringing them home fellas. #TheMasters #themasters2019,V
"Finally downloaded some pictures from #TheMasters These don’t do the course justice but it’s truly an amazing place, and even better with some good…",N
I got some porn in the mail today... #TigerWoods #TheMasters,D
Didn’t win #TheMasters but this shot would have done wonders for @F_Molinari if he were single! #RBCHeritage #RBCHeritageOpen,M
��ICYMI: I crunched a couple million tweets to discover how #GolfTwitter reacted via emoji when #TigerWoods won #TheMasters. 🙌  #smsports #golf #pgatour #emoji @Meltwater,N
No headline or caption needed. @SInow @TigerWoods #TheMasters,M
#GameOfThrones #AvengersEndgame Tiger Woods winning #TheMasters Are you not excited?,N
Now that #TheMasters is over there’s a ton of people at the driving range 🏌️‍♀️ #randomobservation,N
Here's your dose of weekly sports from the Caribbean Weekly Recap! Don't miss the action to come! #TheMasters #TigerWoods #NBAxESPN #StephenCurry #WIndies #Cricket #RamnareshSarwan #LaLiga #SerieA #CaribbeanRecap #ESPNCaribbean,V
#Golf benefiting from #AI. “Round in Three Minutes” means I don't have to #bingewatch #TheMasters,M
MJ was impressed by what Tiger did 👀 #TheMasters,D
Everything tastes better with this koozie #TheMasters #LogoBingo #GolfIsCool @dogfishbeer,V
"Texas Man To Name Baby ""Tiger Little"" After Winning Masters Bet With Wife @RonDiazWDAE @IanBeckles @jayRecher ** #TigerWoods #TheMasters",V
I’m seeing all kind of Tiger Woods stuff lately. I’ll bet half you mofos can’t tell el who won last year 😂. #TheMasters #PGA,D
"“Tiger’s swing had an eery, high pitched hissing sound followed by a metallic snap which must have been the sound of the ball begging for mercy.” Listen to the rest of the story on @HimalayaApp. | #golf #hipodcasts #podcast #themasters #tigerwoods",N
That jacket tho @TylerJacobsSTAD 👀 @TigerWoods #TheMasters RT @SauceAndShram: We felt as good as Tiger winning the Masters this week (okay maybe not quite) Make sure you tune in every weekday Noon Eastern for more fun like this on @Stadium,V
"#TigerWoods Wins #theMasters; 15th Major, First in 11 Years",N
"I forgot to post this on the day after @TigerWoods won the Masters. Stars like him are not just athletes or celebrities, they are legends, and they make history. #TigerWoods #themasters #golf",N
Bryson thinking back to his #TheMasters hole in one like... “OH MAN...that was so much easier than putting....I should just make the ball in one shot every time.” #RBCHeritage #RBCHeritageOpen,N
.@DaHonestyPolicy Special Broadcast #Eggdrp #Tiger #TheMasters #DaAngels #Ru…,V
"Tiger didn’t just beat any ‘ol @TheMasters field. He beat red-hot players & favorites who’d already won in past 2+ months. Rory (Players), Dustin (WGC Mexico), Rose (Farmers), Molinari (Bay Hill), Rickie (PHX), Phil (Pebble). And the back to back @usopengolf Champ. #TheMasters",N
$VIRA Cambridge Golf Shareholder Information  #Cambridge #Golf #espn #sports #golfcentral #ad #wsj #nytimes #reuters #bloomberg #thestreet #forbes #pgatour #business #cnn #bet #foxnews #bitcoin #blockchain #themasters #crypto #cannabis #marijuana #CBD,V
"Texas Man To Name Baby ""Tiger Little"" After Winning Masters Bet With Wife @RonDiazWDAE @IanBeckles @jayRecher * #TigerWoods #TheMasters",M
New episode of @HWYWHoney Check out Ep 114: Take Me To Augusta  Chatting #passwords #FestofAle #theMasters #whalepuke #90smoviebracket #craftbeer #cheating @olinernotes 💯#momlife #DadLife #Podcast #pod #marriedlife #parenting,V
☑️ one off the bucket list. What an incredible experience. #TheMasters,N
My childhood is coming full circle this week... First @TigerWoods wins #TheMasters NOW Steve Yzerman is BACK with the @DetroitRedWings! #LGRW,M
What Happens Behind the Scenes in Social Media During #TheMasters? You might be surprised:  #smsports #pgatour #golf #realtime,M
"📣 New Podcast! ""Episode 243 - A Masters-piece for the ages"" on @Spreaker #boogie #dubnation #heretheycome #justdoit #nascar #nba #nbaplayoffs #pgatour #podcast #seahawks #sixers #sportstalk #taylormadegolf #themasters #tiger",V
"#TheRudeDogShow | Rudy Reyes welcomes @TuckerDaleBooth to discuss #TheMasters and much more 041519 by @RudeDogEnt, LLC. Sponsored by @simkovichci",V
Just watched the highlights of the Masters... still can’t believe the goat won! #15 #TheMasters #TigerWoods,N
MAXIMUM GRIP | VENTILATION | SENSITIVITY Mokom Premium Golf Gloves: Natural Touch & Hi-Tech Grip Balanced  #mokom #mokomgloves #golf #golfgloves #tiger #tigerwoods #masters #themasters #pga #golfday #golfdaily #golfdigest #pgachampionship #golf_genius,V
Tiger Woods Roars – A Masters Review - LWOSports  by @JanetCesanek #themasters,N
"Episode 243 of the @TalkBackFanTalk #podcast hits digital shelves in half an hour! @TalkBackJustin and I react to #TheMasters, the #NBAPlayoffs, the big @DangeRussWilson deal with the #Seahawks, and #NASCAR at Richmond. Enjoy the show!",V
In the last three majors @TigerWoods @GCTigerTracker has finished: 1st 2nd T6th That's really good!!!!!! #tiger #TheMasters #majors #PGATour,N
• ⚽️🏀🏈⚾️🏒 SPORTS FOLLOW TRAIN! ⚽️🏀🏈⚾️🏒 • •🔥RETWEET THIS TWEET TO CONNECT ALL SPORTS FANS🔥 • • FOLLOW US • • REGISTER FOR FREE NOW AT  • #TheMasters #NBA #MLB #NHL #NHLPlayoffs #StanleyCup #NBATwitter #NBAPlayoffs #ChampionsLeague,V
We Absolutely Love ❤️ this quote from one of #TheMasters who is gone althoughnever forgotten...,V
If you were to come to #themasters you'd want to know the best spots to watch your heroes We've got the answers (Thanks @YGTRory and Mr Anderson) 👀📺➡️,M
��[LIVE] Chasing Builds!! Run It! 📽 #TheDivision2 📺  #RyoTFAM #NerddomUnited #newbstreamteam #Xbox #ninja #streaming #Blackout #SupportSmallStreamers #Themasters #ApexLegends #Apex #gameofthrones #forthethrone,V
We analyzed tweets from @IBM's #TheMasters campaign and the top influencer of the conversation was @4goflonline! #sportsbiz #sponsorships #golf,V
"Want to live a longer, healthier life? Golf could be the answer! With the Masters about to swing into action Learn about the benefits of golf for 'Golf & Health Week' Read this week's Blog to find out more:  #golfhealthweek #TheMasters",V
"Texas Man To Name Baby ""Tiger Little"" After Winning Masters Bet With Wife @RonDiazWDAE @IanBeckles @jayRecher #TigerWoods #TheMasters",M
If you were lucky enough to be the new Jeff Knox at #themasters in 2020 Who would you get to be your caddy?!? tag them! 🏌,N
"I don’t understand why people love Tiger Woods so much and want him to win, let’s not forget he’s a wife beater and a terrible person! #rigged #TheMasters #TigerWoods #PGA",D
"Great to talk with the guys about my journey in golf so far. It’s been a fun ride that’s just getting started! We also talk 🐯, #TheMasters, and get you ready for season 7, episode two of #GameofThrones. Great stuff! #WhiskeyPinesNational RT @Whiskey_Pines: Kick off your Friday with Episode 14 of ⁦@Whiskey_Pines⁩ with special guest ⁦@ryguy0722⁩ #WPN #masters",V
"“With Tiger delivering virtually every time...barring that one flukey loss to Y.E. Yang at the PGA, how could one truly expect someone of my generation to simply turn to another player and believe it would all be the same?” #TheMasters #PGATour #Tiger",N
Why are people so tough behind a keyboard? #nipseyhussle #pushat #magic #lakers #profoundly #anonymous #Tigerwoods #TheMasters #auntbecky #2ampod #podsincolor #PodernFamily #trypod #linkinbio #podcast,V
Welcome Tiger Little 😄 @_treylittle #TheMasters @TigerWoods,M
"If Tiger Woods is going to pass Jack for the most majors wins, the math is simple. All he has to do is win every single one of the 4 Majors...One. More. Time. #TheMasters #PGAChamp #USOpen #TheOpen #TigerWoods #Majors",N
Always consult the “Masters” when it comes to the stability of your roof! #LexingtonBlue #TigerTigerWoodsYall #TheMasters #Roofing #RoofingContractor #RoofingCompany #Roofers #RoofRepair #RoofReplacement #StormDamage #InsuranceClaims,V
Tiger's unexpected win in the #Masters offers a boost to #golf #betting. #TheMasters #Tiger #sportsbetting,N
"Still feeling inspired by #themasters last week? Why not play a lookalike? Woburn, Buckinghamshire 🛏 1 Night 🍴 Dinner 🍳 B&B 🏌2 Rounds 💰 From £321 Find out more ➡️",V
"Students in our #TGRLearningLab @CRPHS celebrated #TigerWoods #STEM style, using what they've learned in their robotics enrichment classes to recreate Tiger's remarkable win at #TheMasters. #UnrelentingChampions #ReachMillions",V
Our team had a successful trip to @TheMasters! Check out a few of our pics from the practice rounds. #masters2019 #themasters,V
"We’re back with Episode 20! This episode features #TheMasters Chatter, NBA/NHL Playoffs, #Wrestlemania35 recap and much much more! Listen on ITunes, Spotify, or just simply click the link here",V
Tremendous #membermember #weekend @UClubBR Thanks to @MBOBR support #AClass hole in 1 #Breezy Sunday Home of #LSUGolf #GeauxLow #UCLife @MercedesBenzUSA #UClubBR #Tiger wins #TheMasters,V
"💰 With an impression value of $224.5K on during #TheMasters, @IBM scored big with their #sponsorship! #sportsbiz #golf #pgatour #ibm",V
Avoid the pollen and check out the latest @HowitzerBuzzsaw podcast with me and @MikeAsti11 out NOW- a reflection on Tiger's #TheMasters triumph & the shock (or not) of two sweeps on the road to the #StanleyCup,V
Finally a break after 2 big weeks around #TheMasters. But no one told my office assistant that today is an off day.,V
This is behind Jim Nantz’s house. #BackyardGoals ⛳ #Golf | #TheMasters | #GolfisLife (via Instagram/andrewperloff),M
They developed #TigerWoods proof Golf Courses to prevent him from winning. I wonder why? #PGATour #TheMasters,V
Finally got some @TheMasters photos uploaded! Got tons! #themasters,N
"Tiger Woods won #TheMasters, but is it smart to bet on other players in upcoming tournaments?",N
"The weather radar's calling for more wins!!@ ""Tiger Woods winning #TheMasters was a good result for MGM sportsbooks... namely the #PGAChampionship in May. We're inside @TheMirageLV sportsbook talking about Tiger's impact on golf betting interest."" @Covers",N
Take a peek at our Master recap! @TigerWoods #TigerWoods #theMasters,M
Week in review: highly emotional. ✅@TigerWoods winning #themasters ✅ @GameOfThrones premiere ✅ @realDonaldTrump - vindicated/sick meme ✅ YZERMAN finally comes home to DETROIT. To be named GM of the @DetroitRedWings #LGRW,N
⛳️ Shutout to our finalists in our #MiniGolf tournament this week! And congratulations to our winner 🏆 #TheMasters #PGATour,N
What was in the bag of our 2019 #theMasters champion? @tigerwoods,N
Expecting the Unexpected at #TheMasters 2019. #analytics #AI #ibmdsna,V
#CongratsTiger on your amazing #Comeback at #TheMasters! #nevergiveup #Masters2019,N
"The Sports Offensive is LIVE on SAT. 4/20 @ 11am Eastern! Catch a recap of The Masters, NFL, MLB, NBA, NHL and everything else SPORTS related. #TigerWoods #TheMasters #NFLDraft #NFL #MLB #NBAPlayoffs #NHLPlayoffs #sports #podcast #SportsTradingCards",V
"Read this view from inside the ropes during that epochal @TheMasters victory of @TigerWoods #TheMasters RT @CaddieNetwork: 🚨TCN EXCLUSIVE🚨 What has the aftermath of @TigerWoods' fifth victory at @TheMasters been like? @JohnstonGarrett tracked down none other than his caddie, Joe LaCava, to find out.",N
Can we hop back to last weekend and relive the #TheMasters all over again?,N
"Thank you @RobHodgetts and @cnnsport @CNN for taking the time yesterday to speak with me to share my story with the world. It's been an amazing 6 months of freedom. -V.D. #freedom #Golf #TheMasters #JackNicklaus #TigerWoods #TomWatsonPGA RT @cnnsport: Wrongfully convicted of murder, @ValentinoDixon drew himself out of prison and went to the Masters.",V
"Tiger Woods winning #TheMasters was a good result for MGM sportsbooks, and will also help boost betting handle on upcoming PGA Tour events - namely the #PGAChampionship in May. We're inside @TheMirageLV sportsbook talking about Tiger's impact on golf betting interest.",N
I feel like Eldrick Roan is a good baby name after that Masters #TigerWoods #TheMasters,M
Big sale this weekend @PalmBchGolfCntr in Boca Raton! #golfsale #discounts #golfapparel #sportsapparel #bocaraton #themasters @ Palm Beach Golf Center,V
How art and golf led to @ValentinoDixon's exoneration for a murder he didn't commit after 27 years behind bars. #TheMasters,V
Mavs play-by-play announcer Chuck Cooperstein's sports week unlike any other. #TheMasters @coopmavs @dallasmavs @TheMasters,V
"Michael Jordan says Woods comeback is ""greatest I have ever seen"" | @IOL #TheMasters",N
Guy bet his fiancé about their baby name... He said if Tiger Woods would win #TheMasters then he gets to name his baby Tiger. Well... Tiger won. so Baby Tiger is coming! 🐯🐯,M
That Friday Feeling #TheMasters,M
"Fair is fair, right?! This couple is now naming their son Tiger because @TigerWoods won #TheMasters.",M
Still watching The Masters 2018 Rd. 4 Highlights. Just can’t imagine all of @TigerWoods golf colleague waiting for him at the end of the road to congratulate him. #TheMasters,N
"#ListenIn to @brandonsgorall and I yak about things over a microphone. #podcast #sports #TheMasters Spotify:  iTunes:  RT @GERENetwork: The gang assembles to talk Tiger Woods' monumental victory at the Masters, the epic collapse of the Tampa Bay Lightning, and whether or not Russell Wilson is worth the title ""highest paid…",V
One of my favorite pics from our Monday at #TheMasters was @goodwalkspoiled doing work in Amen Corner early Monday morning. @PhilMickelson #pictureperfect,V
I wrote a piece about my recent trip to #themasters @Trifleface pls pass onto SP :)  @jeremychapman3 @brucemillington @mgrenham @DaveClarkRP @GolfMonthly @Bamfordgolf @Betgolfworld @SarahSkySports @NickDougherty5 @RacingPostSport @BeefGolf @ianwilkerson,V
Who runs the world?! 🏌🏼‍♀️💁‍♀️ #girls #themasters #golfbreaks,V
"In this week's episode of my podcast, I eat some crow on my #TigerWoods #TheMasters prediction & talk Durant + #NFL QB contracts",M
"Woods comeback is the greatest I have ever seen in sports, Michael Jordan. Find out more:  #SportPesaNews #TheMasters",N
"🌺🌺🌺🌺🌺🌺🌺🌺🌺🌺🌺🌺🌺 Passionate, Historic, Legendary, Simply Fantastic!.... And that's not just the #AWESOME weekend offers we have on instore right now!!!... #TigerWoods #themasters #majorseason #majoroffers 🌺🌺🌺🌺🌺🌺🌺🌺🌺🌺🌺🌺🌺🌺",V
"Fair is fair, right?! This couple is now naming their son Tiger because @TigerWoods won #TheMasters.",M
"Wrote this piece on @TigerWoods for @theslantmedia do check it out! Cheers for editing @BJT98 #TheMasters #Golf #TigerWoods RT @theslantmedia: “Woods had been at one of the lowest points a man can ever face, caught in a seemingly inescapable bunker, only to return, meaner, hungrier and more determined than ever before.” @joe_rindl’s slant on Tiger Woods’ historic comeback.",V
"Steve Williams has refused to watch any golf on TV since retiring from a career that saw him work with @SharkGregNorman, Adam Scott and @TigerWoods. That changed last Monday. #PlayersVoice #TheMasters",N
"Designed for major performance. @TigerWoods was dialed in with his #P7TW irons ... -  Designed for major performance. @TigerWoods was dialed in with his #P7TW irons at #TheMasters, missing just 7 greens in regulation over his final 54 holes. Learn mo...",V
"So proud to see @TigerWoods using @tagboard to display all the amazing positive posts and messages from around the world on his website! Wow! 🙌 #TheMasters RT @TGRLiveEvents: The world watched as @TigerWoods took home his fifth @TheMasters victory, and celebrities, professional athletes, and fans took to social media to congratulate him. Read more ⬇️⬇️",V
"How boringly awesome. Tiger Woods, IMO, won The Masters on 12 with a condom shot. #themasters #davidfeherty",M
New episode of the podcast drops tomorrow! Check it out! #podcasting #TheMasters #Tigerwoods,V
MJ (@Jumpman23) on Tiger (@TigerWoods) @TheMasters: 'Greatest comeback I've ever seen'  #TheMasters #Masters,N
"Episode 35 is a doozy folks! @mitchmason10 and @lukebigred break down The Big Cat’s improbable comeback at #TheMasters, NBA playoffs jump off to a dramatic start, and we are reminded of the hope and importance of the Easter story. Come hang with the guys!",V
GDG rundown for Holy Weekend 2019 (April 19th-21st)  #MinnesotaTwins #StanleyCupPlayoffs #TheMasters #NFL,V
My piece for the Master himself! @TigerWoods #TigerWoods #Masters #masters2019 #Golf #TheMasters #themasters2019 @atulkasbekar @GolfChannel,V
Tiger Woods winning #TheMasters sees oddsmakers favoring the golfing icon for the remaining major events ⛳️ 🏌,N
"He’s back! Woohooo! Will enjoy reading this! #tigerwoods #themasters #sportsillustrated @ Newark, New Jersey",N
$VIRA Cambridge Golf press  #Cambridge #Golf #espn #sports #golfcentral #ad #wsj #nytimes #reuters #bloomberg #thestreet #forbes #nasdaq #IHub_StockPosts #pgatour #business #cnn #bet #foxnews #bitcoin #blockchain #themasters #cannabis #marijuana #CBD,V
"New pod is out! @keithcourageous and @RoseScholar discuss the #SuperstarShakeUp, #TheMasters, #NBAPlayoffs, and more!",V
Joe LaCava made the right decision! #TheMasters #TigerWoodsYall RT @redsteeze: ████████ ██████████ ██,V
Just watched the green jacket ceremony again because why not. Freaking incredible seeing @TigerWoods do it for the 5th time. Well deserved! #TheMasters,N
"This week we talk #Eagles schedule, #Sixers playoff run, Tiger's win at the #TheMasters, and clutch performers in sports. #NBA #NFL Wildfire Radio - Heat Ratio – Episode 68 -  #iTunes",V
"This week we talk #Eagles schedule, #Sixers playoff run, Tiger's win at the #TheMasters, and clutch performers in sports. #NBA #NFL Wildfire Radio - Heat Ratio – Episode 68 -  #iTunes",V
A tradition unlike any other #TheMasters,M
The latest Billionista Daily!  #themasters #muellerreport,V
The #Millerandlong of #Steel the #MrPetewalker #Phoenixsteel #Williamssteel so many projects together! PT get the anchor bolts right and I’ll make it happen! We never missed a beat! #Ontime #GeicoHQ #SalliemaeHQ #CTTC it’s a long list! #Themasters #Safety #Quality #Production,V
"Tiger Woods, Alex Rodriguez author sketchy tales of redemption, @thomloverro writes.  #TigerWoods #TheMasters #AlexRodriguez",N
Congrats to Chad Dickens @ChadDickens4 for winning our “Play It Where It Lies” #TheMasters giveaway. Chad is ready for the #golf! (ProV1s not pictured but don’t worry we’re not giving him these DT Solos @hrw23 just had em laying around for when he runs outta Noodles💁‍♂️),V
Spending $100 at #TheMasters - Some curious comments in the comments section on this one... #ImAMillionaire ;-),M
Which of the next three majors do you think Tiger has the best chance of winning? #TigerWoods #TheMasters,N
Tiger Woods Roars – #TheMasters Review by @Janetcesanek  via @LWOSports @lastwordonsport #PGA #PGATour #Golf #LWOS,N
"#OKState's Viktor Hovland won the Silver Cup at #TheMasters. Story for @GolfOKmagazine about Hovland playing at Augusta, learning from professionals and sitting beside Tiger Woods in Butler Cabin:",V
"This weekend #TheMasters showed us that old Tiger we all grew up idolizing. I was never a golf fan, but I loved Tigers killer instinct. That’s why I always wore red on Sundays. I’d always…",N
I don’t care if you like Tiger or not it’s hard not to choke up when Tiger hugged his kids on 18 #Tiger #theMasters,N
"Still in shock over Tigers comeback, I don’t think people realize the man COULD not walk 2 years ago because his back was so bad. One of the greatest comeback stories of all time #Tiger #Themasters",N
My father featured in golf magazine. The legend of Harry grows #themasters #FeartheStache,N
"My take (un-redacted) on the Masters, posted at my weekly blog.  (Photo credit: The Weekly Opine) #TheMasters #TigerWoods #PGATour",N
UNIR1 News US is out!  #muellerreport #themasters,V
"Tiger Woods won #TheMasters this year, but the other champ that was crowned at Augusta that week is 13-year old Matthew Vital from Bethlehem. @Johnnymangano has more:",V
"What was it like at Augusta last Sunday when Tiger won #TheMasters? @jtedscott talked about that, his relationship with Bubba Watson, and more:",N
Been a little out of touch lately. 1. Who won The Masters? #TheMasters 2. Has there been any coverage on AG Barr re the Mueller Report? #MuellerReport,M
"Michael Jordan calls Tiger Woods' win at #TheMasters ""the greatest comeback I've ever seen.""",N
"How does Tiger Woods’ #TheMasters win change golf betting? @SportsCheetah, @JoeFortenbaugh and @chrisfallica debate:",M
"Everyone keeps making a big deal about Tiger chewing gum during #TheMasters, but I've chewed gum while shooting darts for like 2 years so... yeah #ItWorks #Tiger #darts #IWasFirst",M
�� Donal McCarthy #Friendsofkieran #aroundtheworld  #Augusta #georgia #USA #TheMasters @TheMasters,V
When Alexandre Bader + Geoffrey Loisel of @_Billecart POP in during #mastersweek #tbt #thewhitehorse 🇫🇷 🥂 #serendipity #billecartsalmon #champagne #themasters #surreycenter #augustaga #loveaugusta #shoplocal,V
"I took in every moment of #TheMasters . It was an unforgettable experience and to do it with the man @MaxAdlerGD and @GolfDigest who started all of this means the world to me. I can’t wait to show you what’s next. -V.D. #freedom #golf RT @GolfDigest: From drawing Amen Corner in his jail cell to seeing it in person, it was a memorable week for Valentino Dixon at Augusta National. Our own @MaxAdlerGD recaps his week at the Masters:",N
��[LIVE] Chasing Builds!! Run It! 📽 #TheDivision2 📺  #RyoTFAM #NerddomUnited #newbstreamteam #Xbox #ninja #streaming #Blackout #SupportSmallStreamers #Themasters #ApexLegends #Apex #gameofthrones #forthethrone,V
Make sure to head over to our Facebook or Instagram (@sgwcorp) and participate in this month's putting green contest! We're celebrating #TheMasters in style by giving away a $50 Amazon gift card. ⛳ #giveaway #contest,V
Ever wonder what the stitching is like on #TheMasters green jacket? Me neither.,N
ICYMI: @PSM1Team Director Tommy Schoegler joined @BrettRumpSports on @SportsRush1380 to recap #TheMasters talks biggest post-season upsets in sports history & what's new with PSM. Listen:,V
Loving my first career Amazon Purchase #TigerWoods #goat #TheMasters,N
"We have a great show coming up tonight! Joining us in studio is @dirrim23! He'll be in to talk everything NBA Playoffs. We'll also be breaking down Tiger's historic #TheMasters win, the #StanleyCup Playoffs, #NASCAR, Ball State Sports, and more! See you at 6!",V
New episode of @HWYWHoney Check out Ep 114: Take Me To Augusta  Chatting #passwords #FestofAle #theMasters #whalepuke #90smoviebracket #craftbeer #cheating @olinernotes 100 #momlife #DadLife #Podcast #pod #marriedlife #parenting,V
"What does The Sports Professor think about #TheMasters, the SEC shakeup and the #NFLDraft? He joins Calling All Sports now. LISTEN LIVE on @SBNationRadio:",V
#TBT: I still can’t believe I was fortunate enough to experience Augusta National with my Dad last week. Simply amazing! ⛳🏌️ #TheMasters #BucketList #SageAgeTakeover,N
"Brandon Lang took one on the chin when Francisco Molinari hit the water on 12 at #TheMasters, ruining a huge futures bet, so he took the chance to get it off his chest to @JenksNBCS & @TravisThomasExp.",N
Y'all don't count us out. Dark Skin Girls Are Beautiful Too #DarkNLovely #InMyfeelings #IAmHealed #CancerPatient #cancersurvivor lord's will #BlackGirlsRock #TheMasters #GodIsReal #lecheminduroi,V
Hanging with Mayor Hardie Davis of Augusta during #themasters last week! Great interview with him as well!,N
"NEW Golf Intro Golf Ball Insulated Tumbler"" w/logo #golftournament #golf #golfouting #golfing #golfaddict #lovegolf #golfday #golftime #holeinone #livingthegreen #growthegame #golflife #teetime #golfseason #golfswing #holeinone #tiger #tigerwoods #masters #themasters #usopen #pga",V
GOLF TOWELS make the best outing tournament gifts! #golftournament #golf #golfouting #golfing #golfaddict #lovegolf #golfday #golftime #holeinone #livingthegreen #growthegame #golflife #teetime #golfseason #golfswing #holeinone #tiger #tigerwoods #masters #themasters #usopen #pga,V
HashBrown Sessions is bringing #ThePassion #TheMasters out to play now. It's time to hear Kimberley out and what they have #news #MAGA #modeltown #fashion #music #photography #WritingCommunity #poet #HashbrownSessions,V
"Shoe Bear®️ visits historic Daniel Field. Augusta, Georgia. #♻️ #Recycle #Reuse #GoGreen #GreenLiving #RecyclePlastic #ShoeBears #GooglyEyes #TBT #MastersWeek #TheMasters #PrivateFlights #DanielField #Airport #Golf #TigerWoods #GreenJacket #Championship #GA",V
"Of all the events Jim Nantz has called, where does @TigerWoods historic win at #TheMasters rank?",N
Soooo #golfmates here are the new additions to my bag and in hopes of taking my golf to the next level @TaylorMadeTour M6 driver . @MizunoGolfEU jpx919 forged and s18 56 degree wedge . Can not wait til they come #j2s #golf #workhard #tattooedgolfer #themasters,V
�� The impact of Woods' landmark victory 🏌️‍♂️McIlroy's disappointing performance at Augusta 🥩 What's on Woods' menu? @jcorrigangolf joins @MrAndrewCotter & @iaincartergolf on the latest episode of The Cut. ⛳️📲:  #bbcgolf #TheMasters,V
"I am wondering what the bettor might be doing with the $1,190,000 that was won on a 85,000 bet for Tiger Woods to win @TheMasters #TheMasters",M
"🎈The Value of Blowing Up a Balloon 🎈  - here’s why are use this technique every day, our response to #TheMasters and @JDayGolf warm up.",V
$VIRA Cambridge Golf Shareholder Information  #Cambridge #Golf #espn #sports #golfcentral #ad #wsj #nytimes #reuters #bloomberg #thestreet #forbes #pgatour #business #cnn #bet #foxnews #bitcoin #blockchain #themasters #crypto #cannabis #marijuana #CBD,V
"just in case he wants to be a future masters champ, we took him to @topgolf to get him hyped to play! ⛳️ #banksharrison #lifewithbrittany #themasters",N
"Going to #themasters is mostly about watching your heroes (yes Tiger!) fight for the victory, but it's also about getting in a few rounds yourself. @YGTRory and his dad are in Kiawah Island for that very reason now Check out the Ocean Course ➡️",N
Modern back surgery helped Tiger Woods make a stunning comeback! #themasters #tigerwoods #spinaldoctor,N
Where were you? #themasters #H15TORY #GWSlice #TheSlice 🎙 Listen to our latest podcast here:,V
There's no sense in going to a tournament if you don't believe that you can win it. And that is the belief I have always had. And that is not going to change. Tiger Woods #winning #TheMasters,N
"Savor, enjoy and admire Tiger's triumph at #TheMasters. But remember it's up to you to grow your business, writes @PatJonesTweets.",V
Check out the @bridgestonegolf ball that won #TheMasters,N
The Crazy Story Behind the $1.19M Tiger Wager: Winning Bettor Says It Was His First Sports Bet  #TheMasters #Lucky,M
A priceless trip to #themasters with mldanner #tbt #🐅🐅🐅🐅🐅 #whereiswaldo #grilledpimentocheese #🐅roarsarereal,V
TV meteorologist speaks out after receiving backlash - and even death threats - for interrupting #TheMasters final round for severe weather coverage.,M
"Another #TBT to our latest pod and a great conversation between the guys after watching Tiger Woods win his 5th green jacket at #TheMasters. This is the first part of the convo, take a listen, and check out the full pod wherever you get your #podcasts!",V
You are not worth it!!! You and your followers are a disgrace. You will NEVER be the BEST! @TigerWoods #Golf #TheMasters,D
"One more time, with feeling. The greatest four minutes in sports television history by all accounts. #tiger #TheMasters #CBS RT @TheMasters: Roaring back. #themasters",N
"I'm not all that familiar with Tiger Woods' values (outside of his Sports Illustrated for Kids rookie). Who knows what the last sale price was for this @UpperDeckSports SP Authentic autograph in PSA 10? Currently at $35,000 at auction #TheMasters",N
Great look at #TexasTech vs BU with @MattRobertsTV plus his inside view of #TheMasters The special guest at the end was a huge surprise.... #WreckEm RT @talk1340: Big thanks to @MattRobertsTV for joining @RyanHyattMedia's Raiderland this morning to talk Texas Tech vs Baylor baseball this weekend. They even had a special guest join at the end.. Listen here:,V
"The Masters hangover 🚮#throwbackthursday 🚨I understand how hard it is to let things go, but do your very best to #letitgo 👊🏼 #themasters #mistakes #mental #golfcoach…",V
#scrutinize the #MuellerReport being released as the #RedactedMuellerReport due to the #Trump #stooge #bootlicker known as #WilliamBarr the u.S. #AttorneysGeneral behaving a #legalcounsel for the #disingenuous #DonaldTrump; #ThursdayThoughts; #TheMagicWall; #TheMasters; etc etc,V
Could you guys fit into the same size blazer that you wore at 21 years old? #TheMasters Jim Nantz with the crystal clear landline. NICE. @RichEisenShow @richeisen @chrisbrockman @MichaelDelTufo,M
"¡#Trump with #TheMasters - the #disingenuous #DonaldTrump with His: #FinancialSponsors, #TrumpTrolls, #TrumpBots, #Partners, #Associates, #Investors, #Trumpers to sadly include #Veterans #MilitaryVeterans must be #discredited RT @TRMmovement:",V
"Our first upload is out now on the Asylum channel! Take a second and like, comment and subscribe.  Editor: @CallMeKarat Player: @_Zikyo #TheMasters #Potency ☣️",V
"Our first upload is out now on the Asylum channel! Take a second and like, comment and subscribe.  Editor: @CallMeKarat Player: @_Zikyo #TheMasters #Potency ☣️",V
Talking #TheMasters #NFLScheduleRelease and more w/ Jim Nantz LIVE now! 📺 @AudienceSports 💻 @brlive 📱,V
Don’t forget about the chewing gum for that extra Tiger greatness _ via: pgamemes #tigerwoods #victoryred #themasters #golfbug #taylormadegolf #teamtaylormade #nikegolf #swooshstaff…,M
#WikiLeaks' #JulianAssange; #BradleyManning born as #BradleyEdwardManning now known as #ChelseaElizabethManning or simply #ChelseaManning revealed the #evildeeds of the #army and u.S. #government who are #TheMasters of #Evil; #ThisMorning; #ThrowBackThursday,V
"My boss is the 🐐 want to know what Jordan thought of Tiger Woods victory at #TheMasters? Read here:  RT @davidaldridgedc: For the lunch/break crowd: like a lot of people, Michael Jordan watched Tiger Woods win the Masters with awe and wonder. Like almost no one else, MJ could relate to how Woods did it. I talked with him about it in @TheAthleticDC:",N
"The @OccupyWallStNYC distinguishes between the #Elites and the #Elitists, the Elitists only care about few people and organizations and institutions; #TheMasters include the #Bankers, the #militaryindustrialcomplex, #theocracies; #OWS #OccupyWallStreet",V
"To honor Tiger Woods for winning #TheMasters, .@SInow did something rare, placing him on the cover w/out headlines — only him celebrating his victory. This has happened 2 other times in SI's history. The “Miracle on Ice” at the 1980 Winter Olympics & Mickey Mantle's death in 95.",N
"EVERY. SHOT. Every Ball Fitting session, every range session, every Bridgestone Golf ball struck led to this historic moment. Congrats to @TigerWoods on winning #TheMasters and his 15th Major Championship. #1BallFitterInGolf #TOURBXS🔵 #ItFits",N
#ICYMI #new #episode of the #podcast is now out! - #TigerWoods wins #TheMasters - We've never watched #GOT and never will - #Sixers playoffs - #Flyers new coach & more  #GamefThrones #HereTheyCome #PhilaUnite #2AngryOldMen,V
#ICYMI #new #episode of the #podcast is now out! - #TigerWoods wins #TheMasters - We've never watched #GOT and never will - #Sixers playoffs - #Flyers new coach & more  #GamefThrones #HereTheyCome #PhilaUnite #2AngryOldMen,V
"Can the advice Joe LaCava offered @TigerWoods last Sunday, help us, mere mortals? We think so! #JoeLaCava #TheMasters #TigerWoods",V
Tiger’s Back! But can golf roar again? We discuss if golf can get people playng again after @TigerWoods Masters Victory Read here ⤵️ #TheMasters #Recruitment #HR,V
Miss last night's show? Check out our latest podcast where we break down Tiger's win at @TheMasters and just how much it means to the sport of golf!  #TheMasters #Tiger,V
"From rock bottom to @TheMasters champion, @JeffShain takes us through Tiger's long and difficult climb back to the top of the golf world!  #TheMasters #Tiger",N
#ThursdayThoughts from #chess grandmaster Richard Reti #ChampionsLeague #winners #belike #TheMasters #NationalHighFiveDay #winningtips #MotivationalQuotes @theworldchess @WorldChessHOF @SanJoseHackers @PROChessLeague @ChessQuotes @motivational @inspower @BayAreaSportsHQ #chesstv,V
The GOLFBUDDY aim L10 was used during #TheMasters practice rounds by pro golfers Bernhard Langer and Sandy Lyle. Play like a pro today with GOLFBUDDY's aim L10 Laser Rangefinder. #aimtowin RT @GolfBuddy: The aim L10 has been chosen by more than 100 PGA Tour Champions players and caddies this year - including Bernhard Langer and Sandy Lyle! #TheMasters #aimtowin,V
��My favorite podcast yet!🚨Even though my voice is gone from screaming after @TigerWoods win at @TheMasters…I still managed to do a podcast about it!🏌️⛳️🐐 #golf #TheMasters #TigerWoods #golfpodcast #Podcast #TaylorMadeGolf LISTEN HERE ——>,V
"🏌️‍♂️Woods’ Return to Prominence Generates Interest, Won’t Change Golf’s ⛳️Fortunes  Sign-up for our free #sportsbiz newsletter at  #TigerWoods #TheMasters #Tiger @Nike @MonsterEnergy @bridgestonegolf @TaylorMadeGolf @TigerWoods",N
***NEW VIDEO ALERT*** I hope you cupcakes enjoy my new spring look! Be sure to lve a comment and subscribe!!! #MakeupAddict #makeuptutorial #makeupartist #makeuplover #makeup #trapLAXradio #RadioImpact #quote #typebeat #QSPNPageant #TheMasters,V
��Fav Podcast Yet🚨We recap @TigerWoods amazing @TheMasters victory! Best comeback ever? Is 18 back on? @brianwacker1 and I discuss! Warning: My voice is bad from Sunday’s win! 🐐🏌️⛳️ #podcast #golfpodcast #golf #TheMasters #TigerWoods LISTEN HERE——>,N
⁦@TigerWoods⁩ back in the game — big time #winning #TheMasters,N
⛳ @IBM's campaign for #TheMasters was a Hole-In-One! See how they made the most of the partnership! #sportsbiz #sponsorship #IBM,N
"Still got #TheMasters on your mind? 🤔 Come play golf with some of the best in Columbia on May 9th! ⛳ Don't miss the 34th Annual Golf Tournament, presented by intelliSystems! *Sponsorships including a team available* Register now >&gt;&gt;  #ColaGolf",V
Book for the 2020 Masters in Augusta. We've been delivering tailor-made #tours for 16 years:  #themasters #Golf,N
• ⚽️🏀🏈⚾️🏒 SPORTS FOLLOW TRAIN! ⚽️🏀🏈⚾️🏒 • •🔥RETWEET THIS TWEET TO CONNECT ALL SPORTS FANS🔥 • • FOLLOW US • • REGISTER FOR FREE NOW AT  • #TheMasters #NBA #MLB #NHL #NHLPlayoffs #StanleyCup #NBATwitter #NBAPlayoffs #ChampionsLeague,V
The undisputed GOAT weighs in on Tiger’s comeback and victory 🐐🐅 #TheMasters #Tiger #imadebogey,N
"#ThrowbackThursday to when our very own CEO, @beasleyreece sat down with @TigerWoods to talk about his return to golf. Congratulations on the big win at @TheMasters! #NFLAlumni #BeasleyReece #TigerWoods #TheMasters #Golf",M
"The excitement of #TheMasters may be behind us, but Harbor Town Golf Links is bustling with some great golf! @DJohnsonPGA, @XSchauffele, @b_dechambeau, and many other favorites are competing at the @RBC_Heritage. Who is your money on?  @golfweek",M
"Today's Show: 12:20pmET - @UMichFootball @RashanAGary 1:20 - #Breakthrough @realmikecolter 2:20 - @CBSSports Jim Nantz plus, your phone calls, #NFLScheduleRelease, #NBAPlayoffs, #NHLPlayoffs, #TheMasters, #Jeopardy, #JoshRosen speaks, #Gronk dents Lombardi and more!",V
Why are people so tough behind a keyboard? #nipseyhussle #pushat #magic #lakers #profoundly #anonymous #Tigerwoods #TheMasters #auntbecky #2ampod #podsincolor #PodernFamily #trypod #linkinbio #podcast,V
"#TBT: On the morning of April 13, 1997, @TigerWoods lead #TheMasters by 9 strokes heading into the final round. The Star's Dave Perkins wrote this from Augusta: We may be witnessing the next greatest golfer in the game who might dominate for two decades.",N
